[
{
  "model": "admin.logentry",
  "pk": 1,
  "fields": {
    "action_time": "2023-11-28T11:58:29.329Z",
    "user": 1,
    "content_type": 8,
    "object_id": "1",
    "object_repr": "vw4tvb34v",
    "action_flag": 1,
    "change_message": "[{\"added\": {}}]"
  }
},
{
  "model": "admin.logentry",
  "pk": 2,
  "fields": {
    "action_time": "2023-11-28T11:58:39.536Z",
    "user": 1,
    "content_type": 7,
    "object_id": "1",
    "object_repr": "salads",
    "action_flag": 1,
    "change_message": "[{\"added\": {}}]"
  }
},
{
  "model": "admin.logentry",
  "pk": 3,
  "fields": {
    "action_time": "2023-11-28T11:58:50.355Z",
    "user": 1,
    "content_type": 7,
    "object_id": "2",
    "object_repr": "cakes",
    "action_flag": 1,
    "change_message": "[{\"added\": {}}]"
  }
},
{
  "model": "admin.logentry",
  "pk": 4,
  "fields": {
    "action_time": "2023-11-28T11:59:06.381Z",
    "user": 1,
    "content_type": 8,
    "object_id": "2",
    "object_repr": "rv4vf4v4",
    "action_flag": 1,
    "change_message": "[{\"added\": {}}]"
  }
},
{
  "model": "admin.logentry",
  "pk": 5,
  "fields": {
    "action_time": "2023-11-28T11:59:56.792Z",
    "user": 1,
    "content_type": 9,
    "object_id": "1",
    "object_repr": "1",
    "action_flag": 1,
    "change_message": "[{\"added\": {}}]"
  }
},
{
  "model": "admin.logentry",
  "pk": 6,
  "fields": {
    "action_time": "2023-11-28T13:08:53.273Z",
    "user": 1,
    "content_type": 9,
    "object_id": "2",
    "object_repr": "1",
    "action_flag": 1,
    "change_message": "[{\"added\": {}}]"
  }
},
{
  "model": "admin.logentry",
  "pk": 7,
  "fields": {
    "action_time": "2023-11-28T13:09:07.516Z",
    "user": 1,
    "content_type": 9,
    "object_id": "1",
    "object_repr": "2",
    "action_flag": 2,
    "change_message": "[{\"changed\": {\"fields\": [\"Rec id\"]}}]"
  }
},
{
  "model": "admin.logentry",
  "pk": 8,
  "fields": {
    "action_time": "2023-11-28T13:09:23.017Z",
    "user": 1,
    "content_type": 8,
    "object_id": "2",
    "object_repr": "rv4vf4v4",
    "action_flag": 2,
    "change_message": "[]"
  }
},
{
  "model": "admin.logentry",
  "pk": 9,
  "fields": {
    "action_time": "2023-11-28T13:09:32.891Z",
    "user": 1,
    "content_type": 8,
    "object_id": "1",
    "object_repr": "vw4tvb34v",
    "action_flag": 2,
    "change_message": "[{\"changed\": {\"fields\": [\"Category\"]}}]"
  }
},
{
  "model": "admin.logentry",
  "pk": 10,
  "fields": {
    "action_time": "2023-11-28T13:14:51.423Z",
    "user": 1,
    "content_type": 9,
    "object_id": "2",
    "object_repr": "2",
    "action_flag": 2,
    "change_message": "[{\"changed\": {\"fields\": [\"Rec id\"]}}]"
  }
},
{
  "model": "admin.logentry",
  "pk": 11,
  "fields": {
    "action_time": "2023-11-28T13:15:01.565Z",
    "user": 1,
    "content_type": 9,
    "object_id": "1",
    "object_repr": "1",
    "action_flag": 2,
    "change_message": "[{\"changed\": {\"fields\": [\"Rec id\"]}}]"
  }
},
{
  "model": "admin.logentry",
  "pk": 12,
  "fields": {
    "action_time": "2023-11-28T13:24:20.878Z",
    "user": 1,
    "content_type": 9,
    "object_id": "2",
    "object_repr": "2",
    "action_flag": 2,
    "change_message": "[{\"changed\": {\"fields\": [\"File\"]}}]"
  }
},
{
  "model": "admin.logentry",
  "pk": 13,
  "fields": {
    "action_time": "2023-11-28T13:24:57.251Z",
    "user": 1,
    "content_type": 9,
    "object_id": "2",
    "object_repr": "2",
    "action_flag": 2,
    "change_message": "[{\"changed\": {\"fields\": [\"File\"]}}]"
  }
},
{
  "model": "admin.logentry",
  "pk": 14,
  "fields": {
    "action_time": "2023-11-28T13:25:35.058Z",
    "user": 1,
    "content_type": 4,
    "object_id": "2",
    "object_repr": "user",
    "action_flag": 1,
    "change_message": "[{\"added\": {}}]"
  }
},
{
  "model": "admin.logentry",
  "pk": 15,
  "fields": {
    "action_time": "2023-11-28T13:26:01.179Z",
    "user": 1,
    "content_type": 8,
    "object_id": "3",
    "object_repr": "r3tgjn3jnb njnnerbeabw",
    "action_flag": 1,
    "change_message": "[{\"added\": {}}]"
  }
},
{
  "model": "admin.logentry",
  "pk": 16,
  "fields": {
    "action_time": "2023-12-01T13:27:08.002Z",
    "user": 1,
    "content_type": 9,
    "object_id": "3",
    "object_repr": "1",
    "action_flag": 1,
    "change_message": "[{\"added\": {}}]"
  }
},
{
  "model": "admin.logentry",
  "pk": 17,
  "fields": {
    "action_time": "2023-12-02T15:43:49.035Z",
    "user": 1,
    "content_type": 13,
    "object_id": "1",
    "object_repr": "alina's account",
    "action_flag": 1,
    "change_message": "[{\"added\": {}}]"
  }
},
{
  "model": "admin.logentry",
  "pk": 18,
  "fields": {
    "action_time": "2023-12-04T03:55:58.199Z",
    "user": 1,
    "content_type": 12,
    "object_id": "1",
    "object_repr": "show",
    "action_flag": 1,
    "change_message": "[{\"added\": {}}]"
  }
},
{
  "model": "admin.logentry",
  "pk": 19,
  "fields": {
    "action_time": "2023-12-05T04:37:51.362Z",
    "user": 1,
    "content_type": 9,
    "object_id": "3",
    "object_repr": "1",
    "action_flag": 2,
    "change_message": "[]"
  }
},
{
  "model": "admin.logentry",
  "pk": 20,
  "fields": {
    "action_time": "2023-12-05T04:37:59.241Z",
    "user": 1,
    "content_type": 9,
    "object_id": "2",
    "object_repr": "2",
    "action_flag": 2,
    "change_message": "[{\"changed\": {\"fields\": [\"Recipe\"]}}]"
  }
},
{
  "model": "admin.logentry",
  "pk": 21,
  "fields": {
    "action_time": "2023-12-05T04:38:07.962Z",
    "user": 1,
    "content_type": 9,
    "object_id": "1",
    "object_repr": "1",
    "action_flag": 2,
    "change_message": "[]"
  }
},
{
  "model": "admin.logentry",
  "pk": 22,
  "fields": {
    "action_time": "2023-12-05T04:46:36.784Z",
    "user": 1,
    "content_type": 8,
    "object_id": "1",
    "object_repr": "3vw4tvb34v",
    "action_flag": 2,
    "change_message": "[{\"changed\": {\"fields\": [\"\\u041d\\u0430\\u0437\\u0432\\u0430\\u043d\\u0438\\u0435\"]}}]"
  }
},
{
  "model": "admin.logentry",
  "pk": 23,
  "fields": {
    "action_time": "2023-12-10T15:11:31.659Z",
    "user": 1,
    "content_type": 4,
    "object_id": "13",
    "object_repr": "test10",
    "action_flag": 3,
    "change_message": ""
  }
},
{
  "model": "admin.logentry",
  "pk": 24,
  "fields": {
    "action_time": "2023-12-10T15:11:31.672Z",
    "user": 1,
    "content_type": 4,
    "object_id": "16",
    "object_repr": "test11",
    "action_flag": 3,
    "change_message": ""
  }
},
{
  "model": "admin.logentry",
  "pk": 25,
  "fields": {
    "action_time": "2023-12-10T15:11:31.698Z",
    "user": 1,
    "content_type": 4,
    "object_id": "18",
    "object_repr": "test15",
    "action_flag": 3,
    "change_message": ""
  }
},
{
  "model": "admin.logentry",
  "pk": 26,
  "fields": {
    "action_time": "2023-12-10T15:11:31.725Z",
    "user": 1,
    "content_type": 4,
    "object_id": "17",
    "object_repr": "test16",
    "action_flag": 3,
    "change_message": ""
  }
},
{
  "model": "admin.logentry",
  "pk": 27,
  "fields": {
    "action_time": "2023-12-10T15:11:31.735Z",
    "user": 1,
    "content_type": 4,
    "object_id": "5",
    "object_repr": "test2",
    "action_flag": 3,
    "change_message": ""
  }
},
{
  "model": "admin.logentry",
  "pk": 28,
  "fields": {
    "action_time": "2023-12-10T15:11:31.757Z",
    "user": 1,
    "content_type": 4,
    "object_id": "6",
    "object_repr": "test3",
    "action_flag": 3,
    "change_message": ""
  }
},
{
  "model": "admin.logentry",
  "pk": 29,
  "fields": {
    "action_time": "2023-12-10T15:11:31.770Z",
    "user": 1,
    "content_type": 4,
    "object_id": "8",
    "object_repr": "test4",
    "action_flag": 3,
    "change_message": ""
  }
},
{
  "model": "admin.logentry",
  "pk": 30,
  "fields": {
    "action_time": "2023-12-10T15:11:31.789Z",
    "user": 1,
    "content_type": 4,
    "object_id": "9",
    "object_repr": "test5",
    "action_flag": 3,
    "change_message": ""
  }
},
{
  "model": "admin.logentry",
  "pk": 31,
  "fields": {
    "action_time": "2023-12-10T15:11:31.799Z",
    "user": 1,
    "content_type": 4,
    "object_id": "10",
    "object_repr": "test6",
    "action_flag": 3,
    "change_message": ""
  }
},
{
  "model": "admin.logentry",
  "pk": 32,
  "fields": {
    "action_time": "2023-12-10T15:11:31.821Z",
    "user": 1,
    "content_type": 4,
    "object_id": "11",
    "object_repr": "test7",
    "action_flag": 3,
    "change_message": ""
  }
},
{
  "model": "admin.logentry",
  "pk": 33,
  "fields": {
    "action_time": "2023-12-10T15:11:31.832Z",
    "user": 1,
    "content_type": 4,
    "object_id": "15",
    "object_repr": "test8",
    "action_flag": 3,
    "change_message": ""
  }
},
{
  "model": "admin.logentry",
  "pk": 34,
  "fields": {
    "action_time": "2023-12-10T15:11:31.850Z",
    "user": 1,
    "content_type": 4,
    "object_id": "12",
    "object_repr": "test9",
    "action_flag": 3,
    "change_message": ""
  }
},
{
  "model": "admin.logentry",
  "pk": 35,
  "fields": {
    "action_time": "2023-12-11T17:22:44.585Z",
    "user": 1,
    "content_type": 8,
    "object_id": "2",
    "object_repr": "rv4vf4v4",
    "action_flag": 2,
    "change_message": "[{\"changed\": {\"fields\": [\"Stars\"]}}]"
  }
},
{
  "model": "admin.logentry",
  "pk": 36,
  "fields": {
    "action_time": "2023-12-15T11:34:22.115Z",
    "user": 1,
    "content_type": 8,
    "object_id": "3",
    "object_repr": "Торт вкусный необыкновенный",
    "action_flag": 2,
    "change_message": "[{\"changed\": {\"fields\": [\"\\u041d\\u0430\\u0437\\u0432\\u0430\\u043d\\u0438\\u0435\", \"\\u041e\\u043f\\u0438\\u0441\\u0430\\u043d\\u0438\\u0435\"]}}]"
  }
},
{
  "model": "admin.logentry",
  "pk": 37,
  "fields": {
    "action_time": "2023-12-15T11:35:02.559Z",
    "user": 1,
    "content_type": 8,
    "object_id": "2",
    "object_repr": "Запеканка с грибами",
    "action_flag": 2,
    "change_message": "[{\"changed\": {\"fields\": [\"\\u041d\\u0430\\u0437\\u0432\\u0430\\u043d\\u0438\\u0435\", \"\\u041e\\u043f\\u0438\\u0441\\u0430\\u043d\\u0438\\u0435\", \"Category\"]}}]"
  }
},
{
  "model": "admin.logentry",
  "pk": 38,
  "fields": {
    "action_time": "2023-12-15T11:36:23.061Z",
    "user": 1,
    "content_type": 8,
    "object_id": "1",
    "object_repr": "Салатик весенний",
    "action_flag": 2,
    "change_message": "[{\"changed\": {\"fields\": [\"\\u041d\\u0430\\u0437\\u0432\\u0430\\u043d\\u0438\\u0435\", \"Author\", \"\\u041e\\u043f\\u0438\\u0441\\u0430\\u043d\\u0438\\u0435\"]}}]"
  }
},
{
  "model": "admin.logentry",
  "pk": 39,
  "fields": {
    "action_time": "2023-12-15T11:36:44.449Z",
    "user": 1,
    "content_type": 9,
    "object_id": "1",
    "object_repr": "3",
    "action_flag": 2,
    "change_message": "[{\"changed\": {\"fields\": [\"Recipe\"]}}]"
  }
},
{
  "model": "admin.logentry",
  "pk": 40,
  "fields": {
    "action_time": "2023-12-16T03:46:00.108Z",
    "user": 1,
    "content_type": 7,
    "object_id": "3",
    "object_repr": "выпечка",
    "action_flag": 1,
    "change_message": "[{\"added\": {}}]"
  }
},
{
  "model": "admin.logentry",
  "pk": 41,
  "fields": {
    "action_time": "2023-12-16T03:47:02.389Z",
    "user": 1,
    "content_type": 7,
    "object_id": "2",
    "object_repr": "торты",
    "action_flag": 2,
    "change_message": "[{\"changed\": {\"fields\": [\"\\u041d\\u0430\\u0437\\u0432\\u0430\\u043d\\u0438\\u0435\"]}}]"
  }
},
{
  "model": "admin.logentry",
  "pk": 42,
  "fields": {
    "action_time": "2023-12-16T03:47:12.403Z",
    "user": 1,
    "content_type": 7,
    "object_id": "1",
    "object_repr": "салаты",
    "action_flag": 2,
    "change_message": "[{\"changed\": {\"fields\": [\"\\u041d\\u0430\\u0437\\u0432\\u0430\\u043d\\u0438\\u0435\"]}}]"
  }
},
{
  "model": "admin.logentry",
  "pk": 43,
  "fields": {
    "action_time": "2023-12-16T03:49:25.043Z",
    "user": 1,
    "content_type": 8,
    "object_id": "3",
    "object_repr": "Торт вкусный необыкновенный",
    "action_flag": 2,
    "change_message": "[{\"changed\": {\"fields\": [\"Category\"]}}]"
  }
},
{
  "model": "admin.logentry",
  "pk": 44,
  "fields": {
    "action_time": "2023-12-16T03:49:33.868Z",
    "user": 1,
    "content_type": 8,
    "object_id": "2",
    "object_repr": "Запеканка с грибами",
    "action_flag": 2,
    "change_message": "[{\"changed\": {\"fields\": [\"Category\"]}}]"
  }
},
{
  "model": "admin.logentry",
  "pk": 45,
  "fields": {
    "action_time": "2023-12-16T03:49:40.843Z",
    "user": 1,
    "content_type": 8,
    "object_id": "1",
    "object_repr": "Салатик весенний",
    "action_flag": 2,
    "change_message": "[]"
  }
},
{
  "model": "admin.logentry",
  "pk": 46,
  "fields": {
    "action_time": "2023-12-22T04:13:13.267Z",
    "user": 20,
    "content_type": 4,
    "object_id": "4",
    "object_repr": "test",
    "action_flag": 3,
    "change_message": ""
  }
},
{
  "model": "admin.logentry",
  "pk": 47,
  "fields": {
    "action_time": "2023-12-22T04:13:13.287Z",
    "user": 20,
    "content_type": 4,
    "object_id": "3",
    "object_repr": "user2",
    "action_flag": 3,
    "change_message": ""
  }
},
{
  "model": "admin.logentry",
  "pk": 48,
  "fields": {
    "action_time": "2023-12-22T04:13:13.303Z",
    "user": 20,
    "content_type": 4,
    "object_id": "7",
    "object_repr": "user3",
    "action_flag": 3,
    "change_message": ""
  }
},
{
  "model": "admin.logentry",
  "pk": 49,
  "fields": {
    "action_time": "2023-12-22T04:13:13.318Z",
    "user": 20,
    "content_type": 4,
    "object_id": "14",
    "object_repr": "user4",
    "action_flag": 3,
    "change_message": ""
  }
},
{
  "model": "admin.logentry",
  "pk": 50,
  "fields": {
    "action_time": "2023-12-22T04:14:41.172Z",
    "user": 20,
    "content_type": 4,
    "object_id": "21",
    "object_repr": "anonymous",
    "action_flag": 1,
    "change_message": "[{\"added\": {}}]"
  }
},
{
  "model": "admin.logentry",
  "pk": 51,
  "fields": {
    "action_time": "2023-12-22T04:26:21.284Z",
    "user": 20,
    "content_type": 13,
    "object_id": "21",
    "object_repr": "anonymous's account",
    "action_flag": 3,
    "change_message": ""
  }
},
{
  "model": "admin.logentry",
  "pk": 52,
  "fields": {
    "action_time": "2023-12-22T04:26:53.198Z",
    "user": 20,
    "content_type": 4,
    "object_id": "21",
    "object_repr": "anonymous",
    "action_flag": 3,
    "change_message": ""
  }
},
{
  "model": "admin.logentry",
  "pk": 53,
  "fields": {
    "action_time": "2023-12-22T04:26:53.216Z",
    "user": 20,
    "content_type": 4,
    "object_id": "4",
    "object_repr": "test",
    "action_flag": 3,
    "change_message": ""
  }
},
{
  "model": "admin.logentry",
  "pk": 54,
  "fields": {
    "action_time": "2023-12-22T04:26:53.230Z",
    "user": 20,
    "content_type": 4,
    "object_id": "14",
    "object_repr": "user4",
    "action_flag": 3,
    "change_message": ""
  }
},
{
  "model": "admin.logentry",
  "pk": 55,
  "fields": {
    "action_time": "2023-12-22T05:02:36.577Z",
    "user": 20,
    "content_type": 4,
    "object_id": "3",
    "object_repr": "user2",
    "action_flag": 3,
    "change_message": ""
  }
},
{
  "model": "admin.logentry",
  "pk": 56,
  "fields": {
    "action_time": "2023-12-22T08:12:55.637Z",
    "user": 20,
    "content_type": 3,
    "object_id": "1",
    "object_repr": "Editors",
    "action_flag": 1,
    "change_message": "[{\"added\": {}}]"
  }
},
{
  "model": "admin.logentry",
  "pk": 57,
  "fields": {
    "action_time": "2023-12-22T08:23:11.872Z",
    "user": 20,
    "content_type": 3,
    "object_id": "2",
    "object_repr": "Normal",
    "action_flag": 1,
    "change_message": "[{\"added\": {}}]"
  }
},
{
  "model": "admin.logentry",
  "pk": 58,
  "fields": {
    "action_time": "2023-12-22T08:24:01.336Z",
    "user": 20,
    "content_type": 4,
    "object_id": "19",
    "object_repr": "test2",
    "action_flag": 2,
    "change_message": "[{\"changed\": {\"fields\": [\"Groups\"]}}]"
  }
},
{
  "model": "admin.logentry",
  "pk": 59,
  "fields": {
    "action_time": "2023-12-22T08:24:20.135Z",
    "user": 20,
    "content_type": 4,
    "object_id": "2",
    "object_repr": "user",
    "action_flag": 2,
    "change_message": "[{\"changed\": {\"fields\": [\"Groups\"]}}]"
  }
},
{
  "model": "admin.logentry",
  "pk": 60,
  "fields": {
    "action_time": "2023-12-22T08:24:34.403Z",
    "user": 20,
    "content_type": 4,
    "object_id": "7",
    "object_repr": "user3",
    "action_flag": 2,
    "change_message": "[{\"changed\": {\"fields\": [\"Groups\"]}}]"
  }
},
{
  "model": "admin.logentry",
  "pk": 61,
  "fields": {
    "action_time": "2023-12-22T08:52:15.300Z",
    "user": 20,
    "content_type": 4,
    "object_id": "1",
    "object_repr": "alina",
    "action_flag": 2,
    "change_message": "[{\"changed\": {\"fields\": [\"Groups\"]}}]"
  }
},
{
  "model": "admin.logentry",
  "pk": 62,
  "fields": {
    "action_time": "2023-12-22T08:52:33.388Z",
    "user": 20,
    "content_type": 4,
    "object_id": "20",
    "object_repr": "admin2",
    "action_flag": 2,
    "change_message": "[{\"changed\": {\"fields\": [\"Groups\"]}}]"
  }
},
{
  "model": "admin.logentry",
  "pk": 63,
  "fields": {
    "action_time": "2023-12-22T08:55:34.181Z",
    "user": 20,
    "content_type": 4,
    "object_id": "20",
    "object_repr": "admin2",
    "action_flag": 2,
    "change_message": "[{\"changed\": {\"fields\": [\"Superuser status\"]}}]"
  }
},
{
  "model": "admin.logentry",
  "pk": 64,
  "fields": {
    "action_time": "2023-12-22T08:56:04.024Z",
    "user": 20,
    "content_type": 8,
    "object_id": "20",
    "object_repr": "rvl",
    "action_flag": 2,
    "change_message": "[{\"changed\": {\"fields\": [\"\\u041d\\u0430\\u0437\\u0432\\u0430\\u043d\\u0438\\u0435\"]}}]"
  }
},
{
  "model": "admin.logentry",
  "pk": 65,
  "fields": {
    "action_time": "2023-12-22T08:58:16.778Z",
    "user": 20,
    "content_type": 8,
    "object_id": "20",
    "object_repr": "rvl",
    "action_flag": 2,
    "change_message": "[{\"changed\": {\"fields\": [\"\\u0413\\u043e\\u043b\\u043e\\u0441\\u0430\"]}}]"
  }
},
{
  "model": "admin.logentry",
  "pk": 66,
  "fields": {
    "action_time": "2023-12-26T05:42:35.368Z",
    "user": 1,
    "content_type": 4,
    "object_id": "23",
    "object_repr": "norm",
    "action_flag": 2,
    "change_message": "[{\"changed\": {\"fields\": [\"Staff status\"]}}]"
  }
},
{
  "model": "auth.permission",
  "pk": 1,
  "fields": {
    "name": "Can add log entry",
    "content_type": 1,
    "codename": "add_logentry"
  }
},
{
  "model": "auth.permission",
  "pk": 2,
  "fields": {
    "name": "Can change log entry",
    "content_type": 1,
    "codename": "change_logentry"
  }
},
{
  "model": "auth.permission",
  "pk": 3,
  "fields": {
    "name": "Can delete log entry",
    "content_type": 1,
    "codename": "delete_logentry"
  }
},
{
  "model": "auth.permission",
  "pk": 4,
  "fields": {
    "name": "Can view log entry",
    "content_type": 1,
    "codename": "view_logentry"
  }
},
{
  "model": "auth.permission",
  "pk": 5,
  "fields": {
    "name": "Can add permission",
    "content_type": 2,
    "codename": "add_permission"
  }
},
{
  "model": "auth.permission",
  "pk": 6,
  "fields": {
    "name": "Can change permission",
    "content_type": 2,
    "codename": "change_permission"
  }
},
{
  "model": "auth.permission",
  "pk": 7,
  "fields": {
    "name": "Can delete permission",
    "content_type": 2,
    "codename": "delete_permission"
  }
},
{
  "model": "auth.permission",
  "pk": 8,
  "fields": {
    "name": "Can view permission",
    "content_type": 2,
    "codename": "view_permission"
  }
},
{
  "model": "auth.permission",
  "pk": 9,
  "fields": {
    "name": "Can add group",
    "content_type": 3,
    "codename": "add_group"
  }
},
{
  "model": "auth.permission",
  "pk": 10,
  "fields": {
    "name": "Can change group",
    "content_type": 3,
    "codename": "change_group"
  }
},
{
  "model": "auth.permission",
  "pk": 11,
  "fields": {
    "name": "Can delete group",
    "content_type": 3,
    "codename": "delete_group"
  }
},
{
  "model": "auth.permission",
  "pk": 12,
  "fields": {
    "name": "Can view group",
    "content_type": 3,
    "codename": "view_group"
  }
},
{
  "model": "auth.permission",
  "pk": 13,
  "fields": {
    "name": "Can add user",
    "content_type": 4,
    "codename": "add_user"
  }
},
{
  "model": "auth.permission",
  "pk": 14,
  "fields": {
    "name": "Can change user",
    "content_type": 4,
    "codename": "change_user"
  }
},
{
  "model": "auth.permission",
  "pk": 15,
  "fields": {
    "name": "Can delete user",
    "content_type": 4,
    "codename": "delete_user"
  }
},
{
  "model": "auth.permission",
  "pk": 16,
  "fields": {
    "name": "Can view user",
    "content_type": 4,
    "codename": "view_user"
  }
},
{
  "model": "auth.permission",
  "pk": 17,
  "fields": {
    "name": "Can add content type",
    "content_type": 5,
    "codename": "add_contenttype"
  }
},
{
  "model": "auth.permission",
  "pk": 18,
  "fields": {
    "name": "Can change content type",
    "content_type": 5,
    "codename": "change_contenttype"
  }
},
{
  "model": "auth.permission",
  "pk": 19,
  "fields": {
    "name": "Can delete content type",
    "content_type": 5,
    "codename": "delete_contenttype"
  }
},
{
  "model": "auth.permission",
  "pk": 20,
  "fields": {
    "name": "Can view content type",
    "content_type": 5,
    "codename": "view_contenttype"
  }
},
{
  "model": "auth.permission",
  "pk": 21,
  "fields": {
    "name": "Can add session",
    "content_type": 6,
    "codename": "add_session"
  }
},
{
  "model": "auth.permission",
  "pk": 22,
  "fields": {
    "name": "Can change session",
    "content_type": 6,
    "codename": "change_session"
  }
},
{
  "model": "auth.permission",
  "pk": 23,
  "fields": {
    "name": "Can delete session",
    "content_type": 6,
    "codename": "delete_session"
  }
},
{
  "model": "auth.permission",
  "pk": 24,
  "fields": {
    "name": "Can view session",
    "content_type": 6,
    "codename": "view_session"
  }
},
{
  "model": "auth.permission",
  "pk": 25,
  "fields": {
    "name": "Can add Категория",
    "content_type": 7,
    "codename": "add_category"
  }
},
{
  "model": "auth.permission",
  "pk": 26,
  "fields": {
    "name": "Can change Категория",
    "content_type": 7,
    "codename": "change_category"
  }
},
{
  "model": "auth.permission",
  "pk": 27,
  "fields": {
    "name": "Can delete Категория",
    "content_type": 7,
    "codename": "delete_category"
  }
},
{
  "model": "auth.permission",
  "pk": 28,
  "fields": {
    "name": "Can view Категория",
    "content_type": 7,
    "codename": "view_category"
  }
},
{
  "model": "auth.permission",
  "pk": 29,
  "fields": {
    "name": "Can add recipe",
    "content_type": 8,
    "codename": "add_recipe"
  }
},
{
  "model": "auth.permission",
  "pk": 30,
  "fields": {
    "name": "Can change recipe",
    "content_type": 8,
    "codename": "change_recipe"
  }
},
{
  "model": "auth.permission",
  "pk": 31,
  "fields": {
    "name": "Can delete recipe",
    "content_type": 8,
    "codename": "delete_recipe"
  }
},
{
  "model": "auth.permission",
  "pk": 32,
  "fields": {
    "name": "Can view recipe",
    "content_type": 8,
    "codename": "view_recipe"
  }
},
{
  "model": "auth.permission",
  "pk": 33,
  "fields": {
    "name": "Can add file",
    "content_type": 9,
    "codename": "add_file"
  }
},
{
  "model": "auth.permission",
  "pk": 34,
  "fields": {
    "name": "Can change file",
    "content_type": 9,
    "codename": "change_file"
  }
},
{
  "model": "auth.permission",
  "pk": 35,
  "fields": {
    "name": "Can delete file",
    "content_type": 9,
    "codename": "delete_file"
  }
},
{
  "model": "auth.permission",
  "pk": 36,
  "fields": {
    "name": "Can view file",
    "content_type": 9,
    "codename": "view_file"
  }
},
{
  "model": "auth.permission",
  "pk": 37,
  "fields": {
    "name": "Can add category2",
    "content_type": 10,
    "codename": "add_category2"
  }
},
{
  "model": "auth.permission",
  "pk": 38,
  "fields": {
    "name": "Can change category2",
    "content_type": 10,
    "codename": "change_category2"
  }
},
{
  "model": "auth.permission",
  "pk": 39,
  "fields": {
    "name": "Can delete category2",
    "content_type": 10,
    "codename": "delete_category2"
  }
},
{
  "model": "auth.permission",
  "pk": 40,
  "fields": {
    "name": "Can view category2",
    "content_type": 10,
    "codename": "view_category2"
  }
},
{
  "model": "auth.permission",
  "pk": 41,
  "fields": {
    "name": "Can add recipe2",
    "content_type": 11,
    "codename": "add_recipe2"
  }
},
{
  "model": "auth.permission",
  "pk": 42,
  "fields": {
    "name": "Can change recipe2",
    "content_type": 11,
    "codename": "change_recipe2"
  }
},
{
  "model": "auth.permission",
  "pk": 43,
  "fields": {
    "name": "Can delete recipe2",
    "content_type": 11,
    "codename": "delete_recipe2"
  }
},
{
  "model": "auth.permission",
  "pk": 44,
  "fields": {
    "name": "Can view recipe2",
    "content_type": 11,
    "codename": "view_recipe2"
  }
},
{
  "model": "auth.permission",
  "pk": 45,
  "fields": {
    "name": "Can add Тег",
    "content_type": 12,
    "codename": "add_tag"
  }
},
{
  "model": "auth.permission",
  "pk": 46,
  "fields": {
    "name": "Can change Тег",
    "content_type": 12,
    "codename": "change_tag"
  }
},
{
  "model": "auth.permission",
  "pk": 47,
  "fields": {
    "name": "Can delete Тег",
    "content_type": 12,
    "codename": "delete_tag"
  }
},
{
  "model": "auth.permission",
  "pk": 48,
  "fields": {
    "name": "Can view Тег",
    "content_type": 12,
    "codename": "view_tag"
  }
},
{
  "model": "auth.permission",
  "pk": 49,
  "fields": {
    "name": "Can add account",
    "content_type": 13,
    "codename": "add_account"
  }
},
{
  "model": "auth.permission",
  "pk": 50,
  "fields": {
    "name": "Can change account",
    "content_type": 13,
    "codename": "change_account"
  }
},
{
  "model": "auth.permission",
  "pk": 51,
  "fields": {
    "name": "Can delete account",
    "content_type": 13,
    "codename": "delete_account"
  }
},
{
  "model": "auth.permission",
  "pk": 52,
  "fields": {
    "name": "Can view account",
    "content_type": 13,
    "codename": "view_account"
  }
},
{
  "model": "auth.permission",
  "pk": 53,
  "fields": {
    "name": "Can add votes connection",
    "content_type": 14,
    "codename": "add_votesconnection"
  }
},
{
  "model": "auth.permission",
  "pk": 54,
  "fields": {
    "name": "Can change votes connection",
    "content_type": 14,
    "codename": "change_votesconnection"
  }
},
{
  "model": "auth.permission",
  "pk": 55,
  "fields": {
    "name": "Can delete votes connection",
    "content_type": 14,
    "codename": "delete_votesconnection"
  }
},
{
  "model": "auth.permission",
  "pk": 56,
  "fields": {
    "name": "Can view votes connection",
    "content_type": 14,
    "codename": "view_votesconnection"
  }
},
{
  "model": "auth.group",
  "pk": 1,
  "fields": {
    "name": "Editors",
    "permissions": [
      25,
      26,
      27,
      28,
      33,
      34,
      35,
      36,
      29,
      30,
      31,
      32,
      52,
      45,
      46,
      47,
      48
    ]
  }
},
{
  "model": "auth.group",
  "pk": 2,
  "fields": {
    "name": "Normal",
    "permissions": [
      28,
      36,
      29,
      32,
      48
    ]
  }
},
{
  "model": "auth.user",
  "pk": 1,
  "fields": {
    "password": "pbkdf2_sha256$600000$TgZXLN3AGmlndzB310byG0$CcCD2RDSRwa90z8vuLtuzXBOjZYhGx9otR3IpTU7AMI=",
    "last_login": "2023-12-26T05:40:59.875Z",
    "is_superuser": true,
    "username": "alina",
    "first_name": "",
    "last_name": "",
    "email": "",
    "is_staff": true,
    "is_active": true,
    "date_joined": "2023-11-28T11:57:06Z",
    "groups": [
      1
    ],
    "user_permissions": []
  }
},
{
  "model": "auth.user",
  "pk": 2,
  "fields": {
    "password": "pbkdf2_sha256$600000$CwTKCNNL4DN48YHgEy2X0I$tZWNdRBY7vfyAqshqVrK9wm2/nqusam0U2UEF330I1Y=",
    "last_login": "2023-12-10T15:52:16Z",
    "is_superuser": false,
    "username": "user",
    "first_name": "",
    "last_name": "",
    "email": "",
    "is_staff": false,
    "is_active": true,
    "date_joined": "2023-11-28T13:25:33Z",
    "groups": [
      2
    ],
    "user_permissions": []
  }
},
{
  "model": "auth.user",
  "pk": 7,
  "fields": {
    "password": "pbkdf2_sha256$600000$DxjpaG87tQabN0mZshcxfi$fvgWIe2R9ds9L85MkRtQZh4z+MwwHWAomCYevXoJeWo=",
    "last_login": "2023-12-21T15:56:49Z",
    "is_superuser": false,
    "username": "user3",
    "first_name": "",
    "last_name": "",
    "email": "",
    "is_staff": false,
    "is_active": true,
    "date_joined": "2023-12-09T09:25:07Z",
    "groups": [
      2
    ],
    "user_permissions": []
  }
},
{
  "model": "auth.user",
  "pk": 19,
  "fields": {
    "password": "pbkdf2_sha256$600000$jm44qD71GlmFGwjahBou6D$P+woub6ZKJvY0NJ9TOqTS825kvdZuGI/xVLZhGrm0Go=",
    "last_login": "2023-12-26T06:18:22.653Z",
    "is_superuser": false,
    "username": "test2",
    "first_name": "",
    "last_name": "",
    "email": "",
    "is_staff": false,
    "is_active": true,
    "date_joined": "2023-12-10T15:15:19Z",
    "groups": [
      2
    ],
    "user_permissions": []
  }
},
{
  "model": "auth.user",
  "pk": 20,
  "fields": {
    "password": "pbkdf2_sha256$600000$vQT0i3ZsuQWRYBJwsT7qmc$KhgWjUUjrOlHVc/ELnSrwEAXMCJqW2VZ7kupzs/B9ig=",
    "last_login": "2023-12-26T05:36:36.251Z",
    "is_superuser": false,
    "username": "admin2",
    "first_name": "",
    "last_name": "",
    "email": "",
    "is_staff": true,
    "is_active": true,
    "date_joined": "2023-12-22T04:11:47Z",
    "groups": [
      1
    ],
    "user_permissions": []
  }
},
{
  "model": "auth.user",
  "pk": 22,
  "fields": {
    "password": "pbkdf2_sha256$600000$BgmZimRIKcMH3BttCl8Z6O$87PHn5y3JHW2QJZ54rhgVsRaobD6sgBFPglN4luVl/U=",
    "last_login": "2023-12-22T08:54:05.518Z",
    "is_superuser": false,
    "username": "user2",
    "first_name": "",
    "last_name": "",
    "email": "",
    "is_staff": false,
    "is_active": true,
    "date_joined": "2023-12-22T08:29:54.173Z",
    "groups": [
      2
    ],
    "user_permissions": []
  }
},
{
  "model": "auth.user",
  "pk": 23,
  "fields": {
    "password": "pbkdf2_sha256$600000$IDVe9maJgDz3pHwshPBV4l$Dz20jJiZXZXlMQG1uhyx/sIreYFW2ZgedpS6mWaN0FE=",
    "last_login": "2023-12-26T05:43:03.322Z",
    "is_superuser": false,
    "username": "norm",
    "first_name": "",
    "last_name": "",
    "email": "",
    "is_staff": true,
    "is_active": true,
    "date_joined": "2023-12-26T05:39:13Z",
    "groups": [
      2
    ],
    "user_permissions": []
  }
},
{
  "model": "auth.user",
  "pk": 24,
  "fields": {
    "password": "pbkdf2_sha256$600000$mfGEJhdxlOyUJPVR7QWnj3$jnnLiS0dpXVTi4BnVvkGJNvE1Z70WtLL+YhwqgqUTIM=",
    "last_login": "2023-12-26T06:17:05.171Z",
    "is_superuser": false,
    "username": "user4",
    "first_name": "",
    "last_name": "",
    "email": "",
    "is_staff": false,
    "is_active": true,
    "date_joined": "2023-12-26T06:17:02.202Z",
    "groups": [
      2
    ],
    "user_permissions": []
  }
},
{
  "model": "contenttypes.contenttype",
  "pk": 1,
  "fields": {
    "app_label": "admin",
    "model": "logentry"
  }
},
{
  "model": "contenttypes.contenttype",
  "pk": 2,
  "fields": {
    "app_label": "auth",
    "model": "permission"
  }
},
{
  "model": "contenttypes.contenttype",
  "pk": 3,
  "fields": {
    "app_label": "auth",
    "model": "group"
  }
},
{
  "model": "contenttypes.contenttype",
  "pk": 4,
  "fields": {
    "app_label": "auth",
    "model": "user"
  }
},
{
  "model": "contenttypes.contenttype",
  "pk": 5,
  "fields": {
    "app_label": "contenttypes",
    "model": "contenttype"
  }
},
{
  "model": "contenttypes.contenttype",
  "pk": 6,
  "fields": {
    "app_label": "sessions",
    "model": "session"
  }
},
{
  "model": "contenttypes.contenttype",
  "pk": 7,
  "fields": {
    "app_label": "main",
    "model": "category"
  }
},
{
  "model": "contenttypes.contenttype",
  "pk": 8,
  "fields": {
    "app_label": "main",
    "model": "recipe"
  }
},
{
  "model": "contenttypes.contenttype",
  "pk": 9,
  "fields": {
    "app_label": "main",
    "model": "file"
  }
},
{
  "model": "contenttypes.contenttype",
  "pk": 10,
  "fields": {
    "app_label": "recipes",
    "model": "category2"
  }
},
{
  "model": "contenttypes.contenttype",
  "pk": 11,
  "fields": {
    "app_label": "recipes",
    "model": "recipe2"
  }
},
{
  "model": "contenttypes.contenttype",
  "pk": 12,
  "fields": {
    "app_label": "users",
    "model": "tag"
  }
},
{
  "model": "contenttypes.contenttype",
  "pk": 13,
  "fields": {
    "app_label": "users",
    "model": "account"
  }
},
{
  "model": "contenttypes.contenttype",
  "pk": 14,
  "fields": {
    "app_label": "users",
    "model": "votesconnection"
  }
},
{
  "model": "sessions.session",
  "pk": "4c30ic1bg8xj5l2ybpifc2erl14gigjb",
  "fields": {
    "session_data": ".eJxVjMsOwiAURP-FtSHlVcCle7-BcC8XqRpISrsy_ruSdKGZ3Zwz82Ih7lsJe6c1LImdmZzY6beEiA-qg6R7rLfGsdVtXYAPhR-082tL9Lwc7t9Bib2MtbITCi9gBsoKtbTakHeYsxIo0euUvZDO4TdgPMxE2qDQCgVGbxN7fwAQeTh3:1rGbIb:8FO_5vB9vjhoOua7Gx2aFTo2bWaTgcRVGYI5XRH6MI4",
    "expire_date": "2024-01-05T08:54:29.449Z"
  }
},
{
  "model": "sessions.session",
  "pk": "4hqf06a82olwv7k3ersvtp34sszxbcno",
  "fields": {
    "session_data": "e30:1rCM5n:_ikfIHl_wmmm_YxSUnDotNPlg_2KG64_JKMkULf6FQ0",
    "expire_date": "2023-12-24T15:51:43.838Z"
  }
},
{
  "model": "sessions.session",
  "pk": "7smdzzqqszo85w86sssyjau7cmxehkna",
  "fields": {
    "session_data": ".eJxVjE0OwiAYBe_C2hCgUMCle89Avh8qVQNJaVfGu2uTLnT7Zua9RIJtLWnreUkzi7PQ4vS7IdAj1x3wHeqtSWp1XWaUuyIP2uW1cX5eDvfvoEAv39r7ScFgNRCOWukICgJo49GHqGiKDo2DMOSIwbAJ7Fy2lMNIli3jgOL9Adb3N_s:1r7wj3:cajZyg5aG9p7b_0a7xvlXbv6nuSWK8I4I486R04LbJ4",
    "expire_date": "2023-12-12T11:58:01.828Z"
  }
},
{
  "model": "sessions.session",
  "pk": "fs0g477m10lb6264lpvi450bkn3qlcts",
  "fields": {
    "session_data": ".eJxVjEEOwiAQRe_C2hBgKgwu3fcMzcCAVA0kpV0Z765NutDtf-_9l5hoW8u09bRMM4uL0F6cfsdA8ZHqTvhO9dZkbHVd5iB3RR60y7Fxel4P9--gUC_fOmVtAqPXFhCtdg6NAzbqPASIISKqlIFRwZCZEbPSEMklMlo5ttaL9wfyVDeH:1rI0li:bvp14frD242GEapnkNoV8RfVsnFFFhIhza2_NwEhRQA",
    "expire_date": "2024-01-09T06:18:22.728Z"
  }
},
{
  "model": "sessions.session",
  "pk": "s19g34bi76nwrjh8kbuti6847vpk0p02",
  "fields": {
    "session_data": ".eJxVjE0OwiAYBe_C2hCgUMCle89Avh8qVQNJaVfGu2uTLnT7Zua9RIJtLWnreUkzi7PQ4vS7IdAj1x3wHeqtSWp1XWaUuyIP2uW1cX5eDvfvoEAv39r7ScFgNRCOWukICgJo49GHqGiKDo2DMOSIwbAJ7Fy2lMNIli3jgOL9Adb3N_s:1rE69R:-OATGW0h2_Jcs4TLEyUhBg_hW5Ns-BOQsRQHwilSBPI",
    "expire_date": "2023-12-29T11:14:41.842Z"
  }
},
{
  "model": "sessions.session",
  "pk": "ujc9vwco9pdr8fag9n9eelmkltmuzn5h",
  "fields": {
    "session_data": ".eJxVjE0OwiAYBe_C2hCgUMCle89Avh8qVQNJaVfGu2uTLnT7Zua9RIJtLWnreUkzi7PQ4vS7IdAj1x3wHeqtSWp1XWaUuyIP2uW1cX5eDvfvoEAv39r7ScFgNRCOWukICgJo49GHqGiKDo2DMOSIwbAJ7Fy2lMNIli3jgOL9Adb3N_s:1rCjzE:kXj-Lbu4YMf2qCCdGifEm7nUseeYvqTiCVr1HpOCyBA",
    "expire_date": "2023-12-25T17:22:32.877Z"
  }
},
{
  "model": "main.category",
  "pk": 1,
  "fields": {
    "food_type": "салаты"
  }
},
{
  "model": "main.category",
  "pk": 2,
  "fields": {
    "food_type": "торты"
  }
},
{
  "model": "main.category",
  "pk": 3,
  "fields": {
    "food_type": "выпечка"
  }
},
{
  "model": "main.recipe",
  "pk": 1,
  "fields": {
    "votes": 5,
    "date": "2023-12-21T15:56:56.613Z",
    "title": "Салатик весенний",
    "author": 2,
    "description": "салатный микс\r\n\t1 упаковка\r\nяйца куриные\r\n\t2 шт.\r\nогурцы\r\n\t1 шт.\r\nлук-порей\r\n\t30 г\r\nгорошек зеленый\r\n\t60 г\r\nкартофель\r\n\t100 г\r\nоливковое масло\r\n\t2 ст. л.\r\nсоль\r\n\tпо вкусу\r\nтимьян свежий\r\n\t3 веточки",
    "category": [
      1
    ]
  }
},
{
  "model": "main.recipe",
  "pk": 3,
  "fields": {
    "votes": 3,
    "date": "2023-12-21T16:00:52.181Z",
    "title": "Торт вкусный необыкновенный",
    "author": 2,
    "description": "молоко 3,6%\r\n\t400 мл\r\nяичные желтки\r\n\t4 шт.\r\nсахар\r\n\t6 ст. л.\r\nсахар ванильный\r\n\t20 г\r\nкукурузный крахмал\r\n\t1 ст. л.\r\nмука\r\n\t2 ст. л.\r\nсливочное масло\r\n\t80 г",
    "category": [
      2
    ]
  }
},
{
  "model": "main.recipe",
  "pk": 20,
  "fields": {
    "votes": 5,
    "date": "2023-12-22T08:58:16.744Z",
    "title": "rvl",
    "author": 1,
    "description": "rv",
    "category": []
  }
},
{
  "model": "main.recipe",
  "pk": 23,
  "fields": {
    "votes": 0,
    "date": "2023-12-22T05:08:52.586Z",
    "title": "ewc",
    "author": 20,
    "description": "ewc",
    "category": [
      3
    ]
  }
},
{
  "model": "main.recipe",
  "pk": 24,
  "fields": {
    "votes": 0,
    "date": "2023-12-26T05:50:05.551Z",
    "title": "rgaw",
    "author": 19,
    "description": "wgw",
    "category": [
      2
    ]
  }
},
{
  "model": "main.recipe",
  "pk": 25,
  "fields": {
    "votes": 0,
    "date": "2023-12-26T06:24:44.525Z",
    "title": "Летний бриз",
    "author": 19,
    "description": "Ингредиенты:\r\n- Свежие огурцы - 2 шт.\r\n- Помидоры - 2 шт.\r\n- Фета (греческий сыр) - 150 г\r\n- Красный лук - 1 шт.\r\n- Оливки (по желанию) - 50 г\r\n- Свежая зелень (кинза, укроп или петрушка) - по вкусу\r\n- Для заправки: оливковое масло, сок половинки лимона, соль, перец\r\n\r\nПриготовление:\r\n1. Нарежь огурцы и помидоры кубиками, а также красный лук тонкими полукольцами.\r\n2. Сложи огурцы, помидоры и красный лук в большую миску.\r\n3. Добавь нарезанный сыр фета и оливки (если используешь).\r\n4. Тщательно перемешай все ингредиенты.\r\n5. Приготовь заправку, смешав оливковое масло, сок лимона, соль и свежемолотый перец.\r\n6. Полей салат соусом, посыпь свежей зеленью. Готово!\r\n\r\nЭтот салат отлично подходит для легкого летнего обеда или в качестве гарнира к основному блюду. Приятного аппетита!",
    "category": [
      1
    ]
  }
},
{
  "model": "main.recipe",
  "pk": 26,
  "fields": {
    "votes": 0,
    "date": "2023-12-26T06:27:25.882Z",
    "title": "Медитерранейский овощной салат",
    "author": 19,
    "description": "Ингредиенты:\r\n- Огурцы - 2 шт.\r\n- Помидоры - 3 шт.\r\n- Лук - 1 шт.\r\n- Зеленый перец - 1 шт.\r\n- Маслины (желательно без косточек) - 50 г\r\n- Сыр фета - 150 г\r\n- Для заправки: оливковое масло, красный винный уксус, соль, свежемолотый черный перец, сушеный орегано\r\n\r\nПриготовление:\r\n1. Нарежь огурцы, помидоры, лук и зеленый перец небольшими кусочками. \r\n2. Добавь маслины и нарезанный сыр фета.\r\n3. Теперь приготовь заправку: смешай оливковое масло с красным винным уксусом, посоли и поперчи по вкусу, добавь немного сушеного орегано.\r\n4. Сбрызни заправкой салат и аккуратно перемешай.\r\n5. Подавай его, чтобы получить истинное удовольствие от сочных вкусов и ароматов.\r\n\r\nЭтот салат буквально пропитан атмосферой средиземноморской кухни!",
    "category": [
      1
    ]
  }
},
{
  "model": "main.recipe",
  "pk": 27,
  "fields": {
    "votes": 0,
    "date": "2023-12-26T06:30:59.793Z",
    "title": "Шоколадный экстаз",
    "author": 19,
    "description": "Ингредиенты:\r\n- Шоколад (горький или молочный) - 200 г\r\n- Сливочное масло - 150 г\r\n- Яйца - 4 шт.\r\n- Сахар - 150 г\r\n- Мука - 50 г\r\n- Пудра какао - 2 ст. ложки\r\n- Ванильный экстракт - 1 ч. ложка\r\n- Щепотка соли\r\n- Для украшения: шоколадная глазурь, орехи, свежие фрукты\r\n\r\nПриготовление:\r\n1. Растопи шоколад вместе с маслом на водяной бане, аккуратно перемешивая.\r\n2. В отдельной миске взбей яйца с сахаром до образования воздушной массы.\r\n3. Добавь взбитые яйца в шоколадно-масляную смесь, постепенно добавляя муку, какао, ванильный экстракт и щепотку соли.\r\n4. Перелей получившееся тесто в противень или форму для запекания. Выпекай в разогретой до 180°C духовке примерно 25-30 минут.\r\n5. После остывания укрась пирожное шоколадной глазурью, орехами или свежими фруктами.\r\n\r\nГотово! Получается невероятно нежное и ароматное пирожное с насыщенным шоколадным вкусом. Наслаждайся \"Шоколадным экстазом\" в компании близких и друзей!",
    "category": [
      2
    ]
  }
},
{
  "model": "main.recipe",
  "pk": 28,
  "fields": {
    "votes": 0,
    "date": "2023-12-26T06:35:57.350Z",
    "title": "Яблочный пирог",
    "author": 19,
    "description": "Ингредиенты:\r\n- Яблоки - 4 шт.\r\n- Мука - 200 г\r\n- Сахар - 150 г\r\n- Яйца - 2 шт.\r\n- Разрыхлитель теста - 1 ч. ложка\r\n- Ванильный сахар - 1 ч. ложка\r\n- Сливочное масло - 100 г\r\n- Цедра лимона - от 1 лимона\r\n- Пудра сахар для посыпки (по желанию)\r\n\r\nПриготовление:\r\n1. Очисти яблоки, нарежь их тонкими ломтями.\r\n2. Смешай муку с разрыхлителем и ванильным сахаром.\r\n3. В другой миске взбей яйца с сахаром до образования воздушной массы.\r\n4. Добавь взбитые яйца в муку, а затем масло и цедру лимона. \r\n5. Выложи тесто в форму для выпечки, уложи сверху нарезанные яблоки.\r\n6. Выпекай в разогретой до 180°C духовке примерно 40-45 минут.\r\n7. После остывания посыпь пирог пудрой сахара.",
    "category": [
      3
    ]
  }
},
{
  "model": "main.recipe",
  "pk": 29,
  "fields": {
    "votes": 0,
    "date": "2023-12-26T06:36:49.863Z",
    "title": "Ванильные булочки",
    "author": 19,
    "description": "Ингредиенты:\r\n- Молоко - 300 мл\r\n- Мука - 500 г\r\n- Сахар - 100 г\r\n- Дрожжи - 7 г (сухие) или 20 г (свежие)\r\n- Сливочное масло - 100 г\r\n- Ванильный сахар - 2 ч. ложки\r\n- Яйца - 2 шт.\r\n- Соль - 1 ч. ложка\r\n- Разрыхлитель теста - 1 ч. ложка\r\n\r\nПриготовление:\r\n1. Раствори дрожжи в немного теплого молока и дай активироваться.\r\n2. Смешай муку с сахаром, добавь разрыхлитель теста и соль.\r\n3. В отдельной миске взбей яйца с ванильным сахаром, оставшимся молоком и растопленным маслом.\r\n4. Смешай обе смеси и замеси мягкое эластичное тесто.\r\n5. Оставь тесто под покрывалом на подрастание примерно 1-1.5 часа.\r\n6. Сформируй булочки, выложи их на противень, оставь под покрывалом еще на 20-30 минут.\r\n7. Выпекай в разогретой до 180°C духовке примерно 20-25 минут.\r\n\r\nВот тебе два восхитительных рецепта для любителей домашней выпечки! Наслаждайся процессом приготовления и, конечно, угощай близких приятными ароматами и вкусами.",
    "category": [
      3
    ]
  }
},
{
  "model": "main.file",
  "pk": 1,
  "fields": {
    "recipe": 3,
    "file": "import/cake_tart_pastries_small_0.jpg"
  }
},
{
  "model": "main.file",
  "pk": 3,
  "fields": {
    "recipe": 1,
    "file": "import/salad_mixed_salad_cucumber.jpg"
  }
},
{
  "model": "main.file",
  "pk": 10,
  "fields": {
    "recipe": 23,
    "file": "import/cake_plum_cake_streusel_EoQM087.jpg"
  }
},
{
  "model": "main.file",
  "pk": 11,
  "fields": {
    "recipe": 25,
    "file": "import/salad_mixed_salad_cucumber_tXilUXK.jpg"
  }
},
{
  "model": "main.file",
  "pk": 12,
  "fields": {
    "recipe": 26,
    "file": "import/jambalaya__dboy1U9.jpg"
  }
},
{
  "model": "main.file",
  "pk": 13,
  "fields": {
    "recipe": 27,
    "file": "import/cake_tart_pastries_small_0_JGswamI.jpg"
  }
},
{
  "model": "main.file",
  "pk": 14,
  "fields": {
    "recipe": 28,
    "file": "import/cake_baking__n04rLEO.jpg"
  }
},
{
  "model": "main.file",
  "pk": 15,
  "fields": {
    "recipe": 29,
    "file": "import/cake_plum_cake_streusel_Dn8lV8s.jpg"
  }
},
{
  "model": "users.tag",
  "pk": 1,
  "fields": {
    "title": "show",
    "status": true
  }
},
{
  "model": "users.account",
  "pk": 1,
  "fields": {
    "nickname": "my_nick",
    "birthdate": "2023-12-04",
    "gender": "F",
    "age": null,
    "info": "wgraeb webrweb",
    "account_image": "account_images/girl_X17lnox.jpg",
    "tags": []
  }
},
{
  "model": "users.account",
  "pk": 2,
  "fields": {
    "nickname": "user",
    "birthdate": null,
    "gender": "",
    "age": null,
    "info": null,
    "account_image": "default.jpg",
    "tags": []
  }
},
{
  "model": "users.account",
  "pk": 7,
  "fields": {
    "nickname": "user3",
    "birthdate": null,
    "gender": "",
    "age": null,
    "info": null,
    "account_image": "default.jpg",
    "tags": []
  }
},
{
  "model": "users.account",
  "pk": 19,
  "fields": {
    "nickname": "поваренок",
    "birthdate": "2025-02-15",
    "gender": "ж",
    "age": "20",
    "info": "люблю  готовить",
    "account_image": "account_images/cake_plum_cake_streusel.jpg",
    "tags": []
  }
},
{
  "model": "users.account",
  "pk": 20,
  "fields": {
    "nickname": "admin2",
    "birthdate": null,
    "gender": "",
    "age": null,
    "info": null,
    "account_image": "default.jpg",
    "tags": []
  }
},
{
  "model": "users.account",
  "pk": 22,
  "fields": {
    "nickname": "user2",
    "birthdate": null,
    "gender": "",
    "age": null,
    "info": null,
    "account_image": "default.jpg",
    "tags": []
  }
},
{
  "model": "users.account",
  "pk": 23,
  "fields": {
    "nickname": "norm",
    "birthdate": null,
    "gender": "",
    "age": null,
    "info": null,
    "account_image": "default.jpg",
    "tags": []
  }
},
{
  "model": "users.account",
  "pk": 24,
  "fields": {
    "nickname": "user4",
    "birthdate": null,
    "gender": "м",
    "age": null,
    "info": "",
    "account_image": "account_images/cake_baking_.jpg",
    "tags": []
  }
},
{
  "model": "users.votesconnection",
  "pk": 1,
  "fields": {
    "recipe": 1,
    "user": 1
  }
},
{
  "model": "users.votesconnection",
  "pk": 2,
  "fields": {
    "recipe": 20,
    "user": 1
  }
},
{
  "model": "users.votesconnection",
  "pk": 3,
  "fields": {
    "recipe": 3,
    "user": 1
  }
},
{
  "model": "users.votesconnection",
  "pk": 4,
  "fields": {
    "recipe": 3,
    "user": 1
  }
},
{
  "model": "users.votesconnection",
  "pk": 5,
  "fields": {
    "recipe": 1,
    "user": 7
  }
},
{
  "model": "users.votesconnection",
  "pk": 6,
  "fields": {
    "recipe": 3,
    "user": 7
  }
},
{
  "model": "users.votesconnection",
  "pk": 7,
  "fields": {
    "recipe": 20,
    "user": 7
  }
},
{
  "model": "users.votesconnection",
  "pk": 8,
  "fields": {
    "recipe": 20,
    "user": 20
  }
}
]
